City_ID,City,Country,Date,Lat,Lng,Max Temp,Humidity,Cloudiness,Wind Speed
0,Mar Del Plata,AR,2022-02-12 15:07:29,-38.0023,-57.5575,64.42,63,20,23.02
1,Mount Isa,AU,2022-02-12 15:09:50,-20.7333,139.5,74.97,78,40,10.36
2,Nikolskoye,RU,2022-02-12 15:09:51,59.7035,30.7861,34.88,87,100,11.9
3,Vaini,TO,2022-02-12 15:09:51,-21.2,-175.2,78.96,94,20,4.61
4,Santa Maria,BR,2022-02-12 15:09:52,-29.6842,-53.8069,95.81,27,82,7.85
5,Aguililla,MX,2022-02-12 15:09:52,18.7333,-102.7333,68.07,36,42,3.11
6,Palana,RU,2022-02-12 15:09:53,59.1167,159.9667,-11.67,96,38,4.18
7,Litovko,RU,2022-02-12 15:09:53,49.2361,135.1742,13.28,97,100,1.48
8,Fukue,JP,2022-02-12 15:09:53,32.6881,128.8419,50.25,85,100,9.4
9,Bluff,NZ,2022-02-12 15:09:54,-46.6,168.3333,51.8,65,81,15.1
10,Albany,US,2022-02-12 15:07:38,42.6001,-73.9662,48.4,63,100,7.0
11,Haines Junction,CA,2022-02-12 15:09:58,60.7522,-137.5108,21.65,96,97,5.64
12,Chara,RU,2022-02-12 15:10:00,56.9064,118.2631,-18.8,96,100,0.72
13,Puerto Ayora,EC,2022-02-12 15:10:01,-0.7393,-90.3518,78.76,89,100,1.01
14,Arraial Do Cabo,BR,2022-02-12 15:10:02,-22.9661,-42.0278,80.46,74,75,5.75
15,Doka,SD,2022-02-12 15:10:04,13.5167,35.7667,91.99,23,2,14.27
16,Mahibadhoo,MV,2022-02-12 15:10:05,3.7833,72.9667,81.55,73,81,6.62
17,New Norfolk,AU,2022-02-12 15:10:05,-42.7826,147.0587,56.7,55,90,2.62
18,Hobart,AU,2022-02-12 15:10:06,-42.8794,147.3294,57.06,71,90,9.22
19,San Patricio,US,2022-02-12 15:10:06,28.017,-97.5169,62.91,82,0,12.17
20,Tadine,NC,2022-02-12 15:10:06,-21.55,167.8833,79.54,84,100,6.62
21,Adrar,MR,2022-02-12 15:10:07,20.5022,-10.0711,78.76,15,28,14.67
22,Atuona,PF,2022-02-12 15:10:08,-9.8,-139.0333,76.89,79,10,12.88
23,Kapaa,US,2022-02-12 15:10:08,22.0752,-159.319,67.98,97,40,3.44
24,Cap Malheureux,MU,2022-02-12 15:10:08,-19.9842,57.6142,80.47,71,67,1.99
25,Georgetown,MY,2022-02-12 15:09:30,5.4112,100.3354,83.89,74,20,1.99
26,Mataura,NZ,2022-02-12 15:10:09,-46.1927,168.8643,51.48,90,100,3.27
27,Muros,ES,2022-02-12 15:00:48,42.7762,-9.0603,57.09,80,35,5.77
28,Narsaq,GL,2022-02-12 15:10:09,60.9167,-46.05,32.22,97,100,4.97
29,Longyearbyen,SJ,2022-02-12 15:10:10,78.2186,15.6401,13.84,73,0,11.5
30,Leningradskiy,RU,2022-02-12 15:10:10,69.3833,178.4167,-21.82,98,97,3.91
31,Umarkot,PK,2022-02-12 15:10:10,25.3616,69.7362,74.12,16,0,9.01
32,Takhtamygda,RU,2022-02-12 15:10:11,54.1,123.5667,-17.21,96,40,3.47
33,Constantine,DZ,2022-02-12 15:06:05,36.365,6.6147,56.61,50,75,4.61
34,Tema,GH,2022-02-12 15:10:13,5.667,-0.0166,87.91,58,86,14.38
35,Araouane,ML,2022-02-12 15:10:13,18.9048,-3.5265,78.64,9,2,13.15
36,Chuy,UY,2022-02-12 15:10:13,-33.6971,-53.4616,75.52,76,100,4.34
37,Westport,US,2022-02-12 15:10:14,41.1415,-73.3579,56.75,63,100,8.99
38,Punta Arenas,CL,2022-02-12 15:10:14,-53.15,-70.9167,57.31,47,40,36.82
39,Port Blair,IN,2022-02-12 15:00:49,11.6667,92.75,78.82,65,6,16.26
40,Cape Town,ZA,2022-02-12 15:10:10,-33.9258,18.4232,77.11,64,89,3.0
41,Kuching,MY,2022-02-12 15:10:15,1.55,110.3333,77.22,94,40,0.0
42,Port Elizabeth,ZA,2022-02-12 15:10:15,-33.918,25.5701,78.1,79,4,15.64
43,Hermanus,ZA,2022-02-12 15:10:16,-34.4187,19.2345,76.89,79,94,10.13
44,Port Alfred,ZA,2022-02-12 15:10:16,-33.5906,26.891,80.51,78,9,18.75
45,Upernavik,GL,2022-02-12 15:10:16,72.7868,-56.1549,-4.68,98,100,13.62
46,Lompoc,US,2022-02-12 15:10:17,34.6391,-120.4579,64.42,57,0,9.22
47,Mamakan,RU,2022-02-12 15:10:17,57.8161,114.0028,-36.22,100,44,1.79
48,Hobyo,SO,2022-02-12 15:11:18,5.3505,48.5268,78.21,63,100,17.74
49,Victoria,HK,2022-02-12 15:09:26,22.2855,114.1577,68.18,84,76,5.01
50,Jamestown,US,2022-02-12 15:09:37,42.097,-79.2353,29.52,51,100,12.66
51,Pevek,RU,2022-02-12 15:11:19,69.7008,170.3133,-26.3,98,100,8.34
52,Itarema,BR,2022-02-12 15:11:19,-2.9248,-39.9167,84.34,64,100,11.25
53,Saskylakh,RU,2022-02-12 15:11:20,71.9167,114.0833,1.09,77,38,13.94
54,Srednekolymsk,RU,2022-02-12 15:11:20,67.45,153.6833,-33.2,98,58,7.16
55,Hithadhoo,MV,2022-02-12 15:11:21,-0.6,73.0833,81.93,66,76,8.75
56,Avarua,CK,2022-02-12 15:11:21,-21.2078,-159.775,73.45,94,90,2.3
57,Hualmay,PE,2022-02-12 15:11:21,-11.0964,-77.6139,73.94,73,70,7.09
58,Barrow,US,2022-02-12 15:11:22,71.2906,-156.7887,-30.98,100,0,8.05
59,Carnarvon,AU,2022-02-12 15:11:07,-24.8667,113.6333,82.47,69,8,12.66
60,Saint-Philippe,RE,2022-02-12 15:11:23,-21.3585,55.7679,81.95,77,18,6.87
61,Dong Hoi,VN,2022-02-12 15:11:24,17.4833,106.6,71.82,91,99,7.09
62,Ileza,RU,2022-02-12 15:11:25,61.0533,43.9002,19.38,94,100,7.81
63,Wanaka,NZ,2022-02-12 15:11:25,-44.7,169.15,51.12,59,100,7.0
64,Hofn,IS,2022-02-12 15:11:26,64.2539,-15.2082,27.7,68,95,19.86
65,Karratha,AU,2022-02-12 15:11:26,-20.7377,116.8463,87.22,65,19,7.81
66,Vangaindrano,MG,2022-02-12 15:11:26,-23.35,47.6,77.49,78,11,7.18
67,Suure-Jaani,EE,2022-02-12 15:11:27,58.5361,25.4706,34.95,77,100,15.19
68,Tessalit,ML,2022-02-12 15:11:27,20.1986,1.0114,83.14,8,65,13.44
69,Takoradi,GH,2022-02-12 15:11:27,4.8845,-1.7554,84.87,66,100,12.03
70,Stromness,GB,2022-02-12 15:11:28,58.965,-3.296,46.65,80,86,26.89
71,Rio Grande,BR,2022-02-12 15:11:28,-32.035,-52.0986,82.51,66,21,13.13
72,Te Anau,NZ,2022-02-12 15:11:28,-45.4167,167.7167,44.65,83,76,3.2
73,Nanortalik,GL,2022-02-12 15:11:29,60.1432,-45.2371,31.06,90,100,11.23
74,Diamantino,BR,2022-02-12 15:11:29,-14.4086,-56.4461,81.84,73,99,5.08
75,Tasiilaq,GL,2022-02-12 15:11:29,65.6145,-37.6368,15.96,64,100,3.29
76,Salalah,OM,2022-02-12 15:11:30,17.0151,54.0924,77.09,57,20,6.91
77,Bengkulu,ID,2022-02-12 15:11:30,-3.8004,102.2655,77.61,85,100,5.08
78,Yelizovo,RU,2022-02-12 15:11:30,53.1873,158.3805,3.11,65,71,4.0
79,Qaanaaq,GL,2022-02-12 15:11:31,77.484,-69.3632,-21.21,48,0,8.55
80,Russell,US,2022-02-12 15:11:31,32.3502,-85.1999,55.11,70,99,2.8
81,Oranjemund,NA,2022-02-12 15:11:31,-28.55,16.4333,76.91,57,36,19.91
82,Yellowknife,CA,2022-02-12 15:11:32,62.456,-114.3525,-27.58,91,20,5.01
83,Bambous Virieux,MU,2022-02-12 15:11:32,-20.3428,57.7575,80.22,76,48,7.0
84,Chkalovskoye,RU,2022-02-12 15:11:32,44.8392,133.0436,-4.05,99,65,3.96
85,Torbay,CA,2022-02-12 15:11:33,47.6666,-52.7314,38.57,72,100,3.0
86,Ushuaia,AR,2022-02-12 15:11:33,-54.8,-68.3,49.62,61,75,40.29
87,Sar-E Pul,AF,2022-02-12 15:11:33,35.8333,66.1667,34.36,92,100,1.9
88,Laguna,US,2022-02-12 15:10:32,38.421,-121.4238,60.62,94,0,0.0
89,Rikitea,PF,2022-02-12 15:11:34,-23.1203,-134.9692,78.93,70,63,13.98
90,Port Hardy,CA,2022-02-12 15:11:34,50.6996,-127.4199,37.76,100,100,3.44
91,Bethel,US,2022-02-12 15:11:35,41.3712,-73.414,55.49,55,20,8.05
92,Tuktoyaktuk,CA,2022-02-12 15:11:23,69.4541,-133.0374,-30.86,100,39,5.28
93,Kaitong,CN,2022-02-12 15:12:35,44.8135,123.15,-7.94,95,6,1.41
94,Urumqi,CN,2022-02-12 15:12:35,43.801,87.6005,11.35,85,75,2.24
95,Lebu,CL,2022-02-12 15:12:36,-37.6167,-73.65,68.77,52,3,12.55
96,Avera,US,2022-02-12 15:12:36,33.194,-82.5271,56.71,58,100,5.28
97,Semnan,IR,2022-02-12 15:12:36,35.5729,53.3971,48.85,54,67,2.82
98,Kruisfontein,ZA,2022-02-12 15:12:37,-34.0033,24.7314,80.17,65,39,16.53
99,Atascadero,US,2022-02-12 15:10:45,35.4894,-120.6707,61.68,63,7,5.12
100,Khatanga,RU,2022-02-12 15:11:29,71.9667,102.5,-12.03,84,97,8.63
101,Chimoio,MZ,2022-02-12 15:12:37,-19.1164,33.4833,80.46,57,40,8.05
102,Indiaroba,BR,2022-02-12 15:12:38,-11.5192,-37.5117,90.81,50,24,11.27
103,Sao Paulo De Olivenca,BR,2022-02-12 15:12:38,-3.3783,-68.8725,87.8,58,98,3.83
104,Neuquen,AR,2022-02-12 15:08:22,-38.9516,-68.0591,78.69,27,0,6.91
105,Atar,MR,2022-02-12 15:12:38,20.5169,-13.0499,83.91,13,25,16.71
106,Ilulissat,GL,2022-02-12 15:12:39,69.2167,-51.1,33.82,47,75,11.5
107,Mehamn,NO,2022-02-12 15:12:39,71.0357,27.8492,26.47,71,99,15.57
108,Tiarei,PF,2022-02-12 15:12:39,-17.5333,-149.3333,75.22,76,99,12.21
109,Saint-Pierre,RE,2022-02-12 15:12:40,-21.3393,55.4781,82.04,78,75,11.5
110,Manjeshwar,IN,2022-02-12 15:12:40,12.7194,74.8861,81.55,73,0,1.59
111,Thompson,CA,2022-02-12 15:12:40,55.7435,-97.8558,-12.3,95,100,6.04
112,Macapa,BR,2022-02-12 15:12:41,0.0389,-51.0664,89.58,66,75,12.66
113,Cap-Haitien,HT,2022-02-12 15:12:41,19.7578,-72.2042,80.55,57,20,6.91
114,Kahului,US,2022-02-12 15:12:42,20.8947,-156.47,71.83,83,0,4.0
115,Seoul,KR,2022-02-12 15:11:26,37.5683,126.9778,31.44,37,100,2.51
116,Guerrero Negro,MX,2022-02-12 15:12:43,27.9769,-114.0611,60.75,65,99,4.52
117,Yatou,CN,2022-02-12 15:12:43,37.15,122.3833,36.81,65,100,5.64
118,Sarkand,KZ,2022-02-12 15:12:44,45.41,79.9186,25.41,92,100,3.31
119,Camopi,GF,2022-02-12 15:12:44,3.1655,-52.3158,79.18,87,85,4.27
120,Beckley,US,2022-02-12 15:12:44,37.7782,-81.1882,46.29,68,100,11.5
121,Ribeira Grande,PT,2022-02-12 15:12:45,38.5167,-28.7,63.0,77,20,19.57
122,Luanda,AO,2022-02-12 15:12:45,-8.8368,13.2343,81.09,70,41,14.47
123,Bahia Blanca,AR,2022-02-12 15:12:45,-38.7196,-62.2724,71.94,21,0,4.21
124,Sukhobezvodnoye,RU,2022-02-12 15:12:46,57.0491,44.8891,24.46,92,100,7.65
125,Praia Da Vitoria,PT,2022-02-12 15:12:46,38.7333,-27.0667,64.76,78,100,11.21
126,Bubaque,GW,2022-02-12 15:12:47,11.2833,-15.8333,82.44,48,0,3.6
127,Sangar,RU,2022-02-12 15:12:47,63.9242,127.4739,-22.5,99,100,2.24
128,Hilo,US,2022-02-12 15:10:31,19.7297,-155.09,67.73,84,100,1.01
129,Busselton,AU,2022-02-12 15:12:47,-33.65,115.3333,59.09,67,0,15.1
130,Souillac,MU,2022-02-12 15:12:48,-20.5167,57.5167,80.37,74,50,8.61
131,Alekseyevsk,RU,2022-02-12 15:12:48,57.8406,108.3492,-22.58,100,75,1.01
132,Norman Wells,CA,2022-02-12 15:12:48,65.282,-126.8329,-16.08,95,95,4.9
133,Half Moon Bay,US,2022-02-12 15:12:49,37.4636,-122.4286,62.24,72,0,0.0
134,Pangnirtung,CA,2022-02-12 15:12:49,66.1451,-65.7125,-0.36,99,100,4.79
135,Iskenderun,TR,2022-02-12 15:12:49,36.5872,36.1735,59.83,66,0,3.2
136,Namibe,AO,2022-02-12 15:12:50,-15.1961,12.1522,82.04,57,62,11.48
137,Esperance,AU,2022-02-12 15:12:51,-33.8667,121.9,65.1,73,99,14.99
138,Rincon,US,2022-02-12 15:12:51,32.296,-81.2354,61.95,58,75,4.61
139,Pak Phanang,TH,2022-02-12 15:09:11,8.3511,100.202,84.07,76,95,6.76
140,Beira,MZ,2022-02-12 15:13:51,-19.8436,34.8389,81.84,67,27,10.69
141,Bandarbeyla,SO,2022-02-12 15:13:52,9.4942,50.8122,77.41,57,30,13.15
142,Sal Rei,CV,2022-02-12 15:13:52,16.1833,-22.9167,82.6,36,100,21.85
143,Lavrentiya,RU,2022-02-12 15:13:52,65.5833,-171.0,-19.93,92,15,7.2
144,Khani,GE,2022-02-12 15:13:53,41.9563,42.9566,49.57,86,76,6.02
145,Makakilo City,US,2022-02-12 15:13:53,21.3469,-158.0858,70.68,82,0,4.61
146,Great Yarmouth,GB,2022-02-12 15:13:53,52.6083,1.7305,48.94,67,100,25.26
147,Santa Isabel Do Rio Negro,BR,2022-02-12 15:13:54,-0.4139,-65.0192,86.25,63,100,4.83
148,Santarem,BR,2022-02-12 15:13:54,-2.4431,-54.7083,82.53,89,40,10.36
149,Hamilton,US,2022-02-12 15:11:35,39.1834,-84.5333,32.74,79,100,12.66
150,Aklavik,CA,2022-02-12 15:13:54,68.2191,-135.0107,-35.97,100,36,4.59
151,Asau,RO,2022-02-12 15:13:55,46.4333,26.4,37.96,63,100,4.38
152,Tandil,AR,2022-02-12 15:13:55,-37.3217,-59.1332,65.48,41,0,11.99
153,Saint-Augustin,CA,2022-02-12 15:13:55,51.226,-58.6502,28.36,95,100,17.09
154,Dikson,RU,2022-02-12 15:13:56,73.5069,80.5464,0.73,76,100,27.47
155,Mount Gambier,AU,2022-02-12 15:13:56,-37.8333,140.7667,61.38,64,67,5.44
156,Thinadhoo,MV,2022-02-12 15:13:56,0.5333,72.9333,82.04,68,100,8.34
157,Nantucket,US,2022-02-12 15:13:49,41.2835,-70.0995,54.61,71,0,16.11
158,Shirgaon,IN,2022-02-12 15:13:57,19.7,72.7,73.53,62,11,9.37
159,Beian,NO,2022-02-12 15:13:57,63.6559,9.5683,37.0,93,75,13.8
160,Aykhal,RU,2022-02-12 15:13:57,66.0,111.5,-5.46,100,86,4.85
161,Fortuna,US,2022-02-12 15:13:58,40.5982,-124.1573,47.32,76,0,10.36
162,Cherskiy,RU,2022-02-12 15:13:58,68.75,161.3,-24.21,98,100,8.68
163,Ratnagiri,IN,2022-02-12 15:13:58,16.9833,73.3,76.24,67,5,11.32
164,Xichang,CN,2022-02-12 15:13:59,27.8964,102.2634,39.87,76,36,6.62
165,Samana,DO,2022-02-12 15:13:59,19.2056,-69.3369,78.76,94,75,6.91
166,Katsuura,JP,2022-02-12 15:13:59,35.1333,140.3,42.91,56,100,3.18
167,Oranjestad,AW,2022-02-12 15:14:00,12.524,-70.027,84.15,65,40,24.16
168,Wielun,PL,2022-02-12 15:14:00,51.221,18.5696,34.9,54,2,7.05
169,Klyuchi,RU,2022-02-12 15:14:00,52.2667,79.1667,13.15,87,100,12.55
170,Santa Lucia,ES,2022-02-12 15:14:01,27.9117,-15.5407,64.76,68,20,27.63
171,Karasuk,RU,2022-02-12 15:14:01,53.7377,78.0403,4.44,88,8,12.3
172,Beisfjord,NO,2022-02-12 15:14:01,68.3751,17.5988,16.97,91,82,5.79
173,Atagay,RU,2022-02-12 15:14:02,55.1033,99.3875,-12.44,99,94,3.33
174,Rodrigues Alves,BR,2022-02-12 15:14:02,-7.738,-72.6509,76.96,90,100,2.86
175,Chokurdakh,RU,2022-02-12 15:14:02,70.6333,147.9167,-2.18,96,100,13.6
176,Sitka,US,2022-02-12 15:13:24,57.0531,-135.33,42.69,81,100,12.66
177,Monrovia,LR,2022-02-12 15:14:03,6.3005,-10.7969,92.97,69,89,15.23
178,Vila Velha,BR,2022-02-12 15:14:03,-20.3297,-40.2925,82.35,83,40,13.8
179,Luderitz,NA,2022-02-12 15:14:03,-26.6481,15.1594,73.47,68,52,4.52
180,Itacare,BR,2022-02-12 15:14:04,-14.2775,-38.9967,80.51,80,77,2.53
181,Pacifica,US,2022-02-12 15:13:46,37.6138,-122.4869,62.06,72,40,8.99
182,Jawa,JO,2022-02-12 15:14:04,31.8525,35.9393,56.98,38,0,5.75
183,Baracoa,CU,2022-02-12 15:14:04,20.3467,-74.4958,79.72,72,59,9.26
184,Totness,SR,2022-02-12 15:14:05,5.8833,-56.3167,78.58,84,80,8.75
185,Sao Filipe,CV,2022-02-12 15:15:05,14.8961,-24.4956,80.69,42,85,18.68
186,Olafsvik,IS,2022-02-12 15:15:06,64.8945,-23.7142,28.58,69,48,26.51
187,Bardiyah,LY,2022-02-12 15:15:06,31.7561,25.0865,58.53,55,0,6.89
188,Dickinson,US,2022-02-12 15:14:51,29.4608,-95.0513,61.03,95,75,10.36
189,Bartica,GY,2022-02-12 15:15:07,6.4,-58.6167,77.32,74,98,4.74
190,Castro,BR,2022-02-12 15:15:07,-24.7911,-50.0119,76.06,49,0,4.47
191,Erzin,TR,2022-02-12 15:15:07,36.9559,36.2,63.12,68,0,0.13
192,Butaritari,KI,2022-02-12 15:15:08,3.0707,172.7902,81.72,79,43,16.35
193,Salekhard,RU,2022-02-12 15:15:08,66.53,66.6019,-14.8,98,100,6.42
194,Kenai,US,2022-02-12 15:15:08,60.5544,-151.2583,27.14,97,100,0.0
195,Kavieng,PG,2022-02-12 15:15:08,-2.5744,150.7967,80.78,77,100,3.06
196,Ponta Do Sol,PT,2022-02-12 15:15:09,32.6667,-17.1,69.71,67,7,3.04
197,Hazorasp,UZ,2022-02-12 15:15:09,41.3194,61.0742,40.84,51,9,4.5
198,Virtsu,EE,2022-02-12 15:15:09,58.5716,23.5115,37.06,68,100,22.15
199,Marienburg,PL,2022-02-12 15:15:10,54.0359,19.0266,37.89,55,72,11.88
200,Dzhebariki-Khaya,RU,2022-02-12 15:15:10,62.2167,135.8,-37.44,100,99,1.32
201,Chernyshevskiy,RU,2022-02-12 15:15:11,63.0128,112.4714,-14.85,100,96,0.87
202,Bathsheba,BB,2022-02-12 15:15:11,13.2167,-59.5167,83.01,61,75,23.02
203,Santa Cruz,BO,2022-02-12 15:13:29,-17.8,-63.1667,78.85,69,75,21.85
204,Iracoubo,GF,2022-02-12 15:15:11,5.4802,-53.2011,79.56,83,86,12.21
205,Broome,US,2022-02-12 15:15:12,42.2506,-75.833,45.18,67,20,19.57
206,Komsomolskiy,UZ,2022-02-12 15:12:15,40.4272,71.7189,40.42,87,100,2.3
207,Walvis Bay,NA,2022-02-12 15:15:13,-22.9575,14.5053,75.13,73,17,10.36
208,Setermoen,NO,2022-02-12 15:15:13,68.861,18.3486,11.43,90,73,5.1
209,Belvedere Marittimo,IT,2022-02-12 15:15:13,39.6179,15.8617,59.11,67,100,2.71
210,Phan Thiet,VN,2022-02-12 15:12:54,10.9333,108.1,77.32,76,100,11.61
211,Clyde River,CA,2022-02-12 15:15:14,70.4692,-68.5914,-16.37,69,100,23.02
212,Mujiayingzi,CN,2022-02-12 15:15:14,42.1167,118.7833,12.85,78,99,3.87
213,Cabo San Lucas,MX,2022-02-12 15:15:14,22.8909,-109.9124,66.51,49,40,6.91
214,Codrington,AU,2022-02-12 15:15:15,-38.2667,141.9667,64.56,67,5,11.83
215,Kysyl-Syr,RU,2022-02-12 15:15:15,63.8986,122.7617,-19.88,100,100,2.21
216,Zhangjiakou,CN,2022-02-12 15:15:15,40.81,114.8794,18.93,63,31,4.23
217,Tilichiki,RU,2022-02-12 15:15:16,60.4667,166.1,-21.3,92,11,8.93
218,Nueva Gorgona,PA,2022-02-12 15:15:16,8.55,-79.8667,87.22,99,26,1.01
219,Abu Kamal,SY,2022-02-12 15:15:16,34.4506,40.9171,59.88,29,0,9.22
220,Guilin,CN,2022-02-12 15:15:17,25.2819,110.2864,42.37,92,96,5.48
221,Kodiak,US,2022-02-12 15:15:17,57.79,-152.4072,38.71,65,40,14.97
222,Le Port,RE,2022-02-12 15:15:17,-20.9373,55.2919,80.6,72,34,8.41
223,Lagoa,PT,2022-02-12 15:15:18,39.05,-27.9833,59.94,85,100,20.24
224,Cidreira,BR,2022-02-12 15:11:15,-30.1811,-50.2056,78.98,69,0,15.32
225,Hirara,JP,2022-02-12 15:15:18,24.8,125.2833,69.96,85,100,14.92
226,Wajima,JP,2022-02-12 15:15:18,37.4,136.9,41.04,72,100,14.7
227,Vestmannaeyjar,IS,2022-02-12 15:15:19,63.4427,-20.2734,30.49,78,40,5.99
228,Cedar City,US,2022-02-12 15:12:13,37.6775,-113.0619,33.4,54,0,0.0
229,Zhigansk,RU,2022-02-12 15:16:19,66.7697,123.3711,-33.86,100,63,4.41
230,Ust-Omchug,RU,2022-02-12 15:16:19,61.15,149.6333,-34.24,99,81,1.74
231,Coswig,DE,2022-02-12 15:16:20,51.1333,13.5833,42.31,65,20,12.66
232,De Aar,ZA,2022-02-12 15:16:20,-30.6497,24.0123,90.82,19,35,8.39
233,Yar-Sale,RU,2022-02-12 15:16:20,66.8333,70.8333,-6.5,88,100,14.56
234,Ipixuna,BR,2022-02-12 15:16:21,-1.7625,-48.8043,87.75,70,89,4.97
235,Inhambane,MZ,2022-02-12 15:16:21,-23.865,35.3833,81.25,59,35,13.47
236,Dunedin,NZ,2022-02-12 15:16:21,-45.8742,170.5036,51.8,68,100,11.99
237,Portland,US,2022-02-12 15:16:22,45.5234,-122.6762,46.81,65,0,6.91
238,Kavaratti,IN,2022-02-12 15:15:05,10.5669,72.642,80.94,69,2,6.78
239,Acoyapa,NI,2022-02-12 15:16:22,11.9703,-85.1711,84.29,73,79,14.16
240,Hasaki,JP,2022-02-12 15:16:23,35.7333,140.8333,30.6,58,18,7.31
241,Severo-Kurilsk,RU,2022-02-12 15:16:23,50.6789,156.125,19.4,79,86,4.56
242,Kanniyakumari,IN,2022-02-12 15:16:23,8.0833,77.5667,79.11,79,87,10.56
243,Garden City,US,2022-02-12 15:16:23,42.3256,-83.331,24.03,61,75,19.57
244,Amga,RU,2022-02-12 15:16:24,60.8953,131.9608,-31.85,100,74,1.52
245,Kuusamo,FI,2022-02-12 15:16:24,65.9667,29.1833,6.84,85,0,5.75
246,Comodoro Rivadavia,AR,2022-02-12 15:15:47,-45.8667,-67.5,84.06,26,0,8.05
247,North Bend,US,2022-02-12 15:14:31,43.4065,-124.2243,46.85,94,0,0.0
248,Paoua,CF,2022-02-12 15:16:25,7.2427,16.4406,96.49,9,75,5.64
249,Liverpool,GB,2022-02-12 15:16:25,53.4106,-2.9779,49.51,84,75,23.02
250,Guaratinga,BR,2022-02-12 15:16:25,-16.5667,-39.5667,83.07,39,56,0.78
251,Cabra,ES,2022-02-12 15:16:26,37.4725,-4.4421,65.14,52,56,7.74
252,Provideniya,RU,2022-02-12 15:16:26,64.3833,-173.3,-12.15,83,2,6.17
253,Galle,LK,2022-02-12 15:16:26,6.0367,80.217,78.55,83,94,3.04
254,Mahebourg,MU,2022-02-12 15:16:27,-20.4081,57.7,80.89,74,20,3.44
255,Leshukonskoye,RU,2022-02-12 15:16:27,64.8989,45.7622,20.07,94,100,6.58
256,Naze,JP,2022-02-12 15:16:15,28.3667,129.4833,62.06,89,100,14.43
257,Saldanha,ZA,2022-02-12 15:14:46,-33.0117,17.9442,66.79,89,100,12.71
258,Sibut,CF,2022-02-12 15:16:28,5.718,19.0739,100.99,11,7,5.39
259,Ouango,CF,2022-02-12 15:16:28,4.3133,22.5552,101.55,13,46,3.4
260,Kiunga,PG,2022-02-12 15:16:28,-6.1219,141.2906,75.49,83,100,1.92
261,Aktau,KZ,2022-02-12 15:16:28,43.65,51.2,43.38,83,15,9.06
262,Oppdal,NO,2022-02-12 15:16:29,62.5943,9.6912,26.01,84,100,11.54
263,Ostrovnoy,RU,2022-02-12 15:16:29,68.0531,39.5131,16.23,94,88,11.32
264,Nador,MA,2022-02-12 15:16:29,35.174,-2.9287,62.67,63,20,5.75
265,Ketchikan,US,2022-02-12 15:16:30,55.3422,-131.6461,40.98,93,100,8.05
266,Uvat,RU,2022-02-12 15:16:30,59.1433,68.8953,4.93,88,100,9.66
267,Lowestoft,GB,2022-02-12 15:16:31,52.4752,1.7516,48.94,80,100,24.99
268,Basmat,IN,2022-02-12 15:16:31,19.3167,77.1667,73.49,23,28,5.75
269,Harsin,IR,2022-02-12 15:16:31,34.2721,47.5861,40.01,95,82,5.32
270,Cayenne,GF,2022-02-12 15:16:32,4.9333,-52.3333,77.04,90,75,16.11
271,Coihaique,CL,2022-02-12 15:14:02,-45.5752,-72.0662,68.61,52,0,5.75
272,Bundaberg,AU,2022-02-12 15:16:32,-24.85,152.35,70.21,86,75,6.91
273,Catamarca,AR,2022-02-12 15:16:32,-28.4696,-65.7852,67.77,84,100,1.99
274,Boromo,BF,2022-02-12 15:16:33,11.75,-2.9333,97.3,5,29,4.12
275,Dingle,PH,2022-02-12 15:14:55,10.9995,122.6711,75.16,91,95,8.86
276,Tromso,NO,2022-02-12 15:17:34,69.6496,18.957,23.02,74,40,11.5
277,Gebre Guracha,ET,2022-02-12 15:17:35,9.8,38.4,72.3,21,48,4.88
278,Ixtapa,MX,2022-02-12 15:17:36,20.7,-105.2,69.22,72,0,4.61
279,Guarapari,BR,2022-02-12 15:17:37,-20.6667,-40.4975,82.29,93,100,4.97
280,Tura,IN,2022-02-12 15:17:38,25.5198,90.2201,56.12,72,0,3.89
281,Concordia,AR,2022-02-12 15:15:36,-31.393,-58.0209,66.27,82,100,11.5
282,Inongo,CD,2022-02-12 15:17:39,-1.95,18.2667,85.05,57,94,3.2
283,Road Town,VG,2022-02-12 15:17:40,18.4167,-64.6167,80.69,78,20,11.5
284,Sambava,MG,2022-02-12 15:17:40,-14.2667,50.1667,78.37,83,24,8.66
285,Anastacio,BR,2022-02-12 15:17:40,-20.4836,-55.8069,94.51,40,11,5.35
286,Merauke,ID,2022-02-12 15:17:41,-8.4667,140.3333,79.23,80,12,10.94
287,Alamosa,US,2022-02-12 15:17:41,37.4695,-105.87,19.35,85,0,5.75
288,Malanville,BJ,2022-02-12 15:17:41,11.8685,3.3899,96.48,6,15,7.16
289,Port-Gentil,GA,2022-02-12 15:17:41,-0.7193,8.7815,80.92,81,59,12.19
290,Dwarka,IN,2022-02-12 15:17:42,22.2394,68.9678,72.09,46,3,9.4
291,Isla Mujeres,MX,2022-02-12 15:17:22,21.2311,-86.731,80.65,82,36,11.77
292,Zhengjiatun,CN,2022-02-12 15:17:42,43.5064,123.5064,6.44,90,16,7.27
293,Aguai,BR,2022-02-12 15:17:42,-22.0594,-46.9786,79.9,70,32,1.01
294,Champerico,GT,2022-02-12 15:17:43,14.3,-91.9167,88.75,60,0,0.92
295,Margate,GB,2022-02-12 15:17:43,51.3813,1.3862,46.9,58,99,8.01
296,Udarnyy,RU,2022-02-12 15:17:44,54.3409,42.8611,27.28,96,100,6.98
297,Birin,NP,2022-02-12 15:17:44,26.8865,88.0718,45.05,78,14,3.87
298,Bredasdorp,ZA,2022-02-12 15:17:44,-34.5322,20.0403,74.52,64,29,11.5
299,Teya,RU,2022-02-12 15:17:45,60.3778,92.6267,-13.97,100,36,2.42
300,Mayo,US,2022-02-12 15:17:46,38.8876,-76.5119,59.34,50,0,6.91
301,Saint George,US,2022-02-12 15:16:24,37.1041,-113.5841,50.34,28,0,11.99
302,Lerwick,GB,2022-02-12 15:17:21,60.1545,-1.1494,46.4,86,100,25.55
303,Skwierzyna,PL,2022-02-12 15:17:47,52.5991,15.5065,41.68,59,76,8.19
304,Tiksi,RU,2022-02-12 15:17:47,71.6872,128.8694,-9.26,92,95,17.6
305,Saint Anthony,US,2022-02-12 15:17:47,45.0205,-93.218,-2.25,70,0,6.91
306,Krasnyy Chikoy,RU,2022-02-12 15:17:47,50.3643,108.7512,-21.21,100,91,0.51
307,Ahipara,NZ,2022-02-12 15:17:48,-35.1667,173.1667,69.8,83,95,29.42
308,Moree,AU,2022-02-12 15:17:48,-29.4667,149.85,66.22,55,42,9.22
309,Shumskiy,RU,2022-02-12 15:17:49,54.8318,99.1328,-10.75,98,99,3.24
310,Carutapera,BR,2022-02-12 15:17:49,-1.195,-46.02,79.93,86,100,6.13
311,Santa Isabel,BR,2022-02-12 15:16:48,-23.3156,-46.2214,81.7,71,95,2.95
312,Kaeo,NZ,2022-02-12 15:17:49,-35.1,173.7833,71.33,86,99,27.56
313,Touros,BR,2022-02-12 15:17:50,-5.1989,-35.4608,86.9,62,36,10.38
314,Faya,SA,2022-02-12 15:17:50,18.3851,42.4509,62.71,71,29,6.93
315,Flinders,AU,2022-02-12 15:17:50,-34.5833,150.8552,67.8,92,95,4.0
316,Kadayanallur,IN,2022-02-12 15:17:51,9.0833,77.35,75.87,84,96,5.14
317,Namatanai,PG,2022-02-12 15:17:51,-3.6667,152.4333,78.08,83,100,5.59
318,Egvekinot,RU,2022-02-12 15:17:51,66.3167,-179.1667,-20.47,88,18,7.96
319,Suwanee,US,2022-02-12 15:17:52,34.0515,-84.0713,58.73,72,0,8.05
320,Conceicao Do Araguaia,BR,2022-02-12 15:17:52,-8.2578,-49.2647,81.86,75,60,3.96
321,Pisco,PE,2022-02-12 15:17:52,-13.7,-76.2167,72.01,73,0,5.75
322,Rapid City,US,2022-02-12 15:17:09,44.0805,-103.231,29.32,67,100,6.91
323,Bolshoy Kamen,RU,2022-02-12 15:18:53,43.1225,132.3583,13.89,73,3,10.85
324,Odweyne,SO,2022-02-12 15:18:53,9.4092,45.064,73.47,39,71,13.76
325,Gravdal,NO,2022-02-12 15:18:54,68.1214,13.5031,28.29,86,40,5.75
326,Vacaria,BR,2022-02-12 15:18:54,-28.5122,-50.9339,84.72,34,7,4.43
327,Parrita,CR,2022-02-12 15:18:54,9.5201,-84.3225,88.05,51,86,2.93
328,Quatre Cocos,MU,2022-02-12 15:18:54,-20.2078,57.7625,80.71,76,68,7.4
329,Camacha,PT,2022-02-12 15:18:55,33.0833,-16.3333,63.36,68,75,13.8
330,Airai,TL,2022-02-12 15:18:55,-8.9266,125.4092,60.13,94,86,2.01
331,Dicabisagan,PH,2022-02-12 15:18:55,17.0818,122.4157,74.28,89,78,4.27
332,Antofagasta,CL,2022-02-12 15:15:05,-23.65,-70.4,74.21,55,11,7.78
333,Mundo Nuevo,MX,2022-02-12 15:18:56,18.7,-95.5,72.63,87,94,6.89
334,Yabrud,SY,2022-02-12 15:18:56,33.9674,36.6574,51.46,41,0,2.8
335,Lasa,IT,2022-02-12 15:18:57,46.6166,10.7002,44.51,61,0,3.13
336,Korla,CN,2022-02-12 15:18:57,41.7597,86.1469,30.13,42,70,3.31
337,Darhan,MN,2022-02-12 15:18:57,49.4867,105.9228,-17.16,100,71,0.45
338,Piney Green,US,2022-02-12 15:18:57,34.716,-77.3202,64.02,43,0,11.5
339,Santander Jimenez,MX,2022-02-12 15:18:58,24.2167,-98.4667,67.23,80,37,3.15
340,Mackay,AU,2022-02-12 15:14:23,-21.15,149.2,73.69,70,26,15.17
341,Fare,PF,2022-02-12 15:18:58,-16.7,-151.0167,80.85,73,95,13.33
342,Gamba,GA,2022-02-12 15:18:59,-2.65,10.0,83.28,72,33,11.32
343,Salinas,US,2022-02-12 15:16:30,36.6777,-121.6555,59.95,60,0,13.8
344,Pangody,RU,2022-02-12 15:18:59,65.85,74.4859,-6.92,92,6,15.03
345,Los Llanos De Aridane,ES,2022-02-12 15:19:00,28.6585,-17.9182,67.12,78,40,13.8
346,Paracuru,BR,2022-02-12 15:19:00,-3.41,-39.0306,87.82,67,98,9.24
347,Kattivakkam,IN,2022-02-12 15:14:51,13.2167,80.3167,81.07,77,21,11.72
348,Petropavlovsk-Kamchatskiy,RU,2022-02-12 15:19:00,53.0452,158.6483,1.99,66,0,4.47
349,San Juan,AR,2022-02-12 15:18:27,-31.5375,-68.5364,66.51,46,90,9.46
350,Ancud,CL,2022-02-12 15:19:01,-41.8697,-73.8203,75.22,59,80,4.43
351,Tingi,TZ,2022-02-12 15:19:01,-11.3,35.0333,66.25,92,100,0.29
352,Isangel,VU,2022-02-12 15:19:02,-19.55,169.2667,79.3,89,76,4.07
353,Labytnangi,RU,2022-02-12 15:19:02,66.6572,66.4183,-12.08,97,100,7.63
354,Ballina,AU,2022-02-12 15:19:02,-28.8667,153.5667,66.38,92,51,15.75
355,Teguise,ES,2022-02-12 15:19:03,29.0605,-13.564,62.82,82,20,19.57
356,Ocosingo,MX,2022-02-12 15:19:03,17.0667,-92.25,57.04,73,8,1.1
357,Banda Aceh,ID,2022-02-12 15:19:03,5.5577,95.3222,78.33,86,56,14.07
358,Lorengau,PG,2022-02-12 15:19:04,-2.0226,147.2712,80.8,75,92,3.33
359,Vardo,NO,2022-02-12 15:19:04,70.3705,31.1107,16.0,72,37,14.54
360,Prince Rupert,CA,2022-02-12 15:14:36,54.3161,-130.3201,38.89,93,100,3.44
361,Tucumcari,US,2022-02-12 15:19:05,35.1717,-103.725,26.44,86,100,0.0
362,Dunajska Streda,SK,2022-02-12 15:19:05,47.9927,17.6121,46.31,52,5,5.01
363,Husavik,IS,2022-02-12 15:19:05,66.0449,-17.3389,21.11,82,59,5.64
364,Keti Bandar,PK,2022-02-12 15:19:06,24.1447,67.4497,72.27,54,0,10.67
365,Roma,US,2022-02-12 15:18:15,43.2128,-75.4557,43.72,69,100,14.0
366,Guozhen,CN,2022-02-12 15:19:06,34.3659,107.359,40.39,72,95,2.21
367,Acarau,BR,2022-02-12 15:20:06,-2.8856,-40.12,82.96,69,93,11.88
368,Magaria,NE,2022-02-12 15:20:07,12.9983,8.9099,87.03,7,11,11.7
369,Baturaja,ID,2022-02-12 15:20:07,-4.1333,104.1667,74.59,91,91,1.79
370,Padang,ID,2022-02-12 15:19:12,-0.9492,100.3543,78.64,81,99,4.14
371,Qeshm,IR,2022-02-12 15:20:08,26.9581,56.2719,71.49,61,2,12.12
372,Ngama,TD,2022-02-12 15:20:09,11.7833,17.1667,95.36,7,90,10.54
373,Beyneu,KZ,2022-02-12 15:20:10,45.3167,55.2,40.62,81,99,12.75
374,Zhuhai,CN,2022-02-12 15:20:10,22.2769,113.5678,67.05,94,40,2.3
375,Evanston,US,2022-02-12 15:19:49,42.0411,-87.6901,17.56,57,20,11.5
376,Descalvado,BR,2022-02-12 15:20:12,-21.9039,-47.6194,79.68,70,30,4.81
377,Boras,SE,2022-02-12 15:20:13,57.721,12.9401,37.54,87,100,14.05
378,Vila Franca Do Campo,PT,2022-02-12 15:15:17,37.7167,-25.4333,61.21,66,96,11.21
379,East London,ZA,2022-02-12 15:20:15,-33.0153,27.9116,83.34,78,20,13.8
380,Nome,US,2022-02-12 15:20:16,64.5011,-165.4064,1.47,55,100,4.61
381,Aksha,RU,2022-02-12 15:20:17,50.2814,113.2867,-10.89,98,98,1.88
382,Lamu,KE,2022-02-12 15:20:17,-2.2717,40.902,80.82,81,95,14.61
383,Kaitangata,NZ,2022-02-12 15:16:34,-46.2817,169.8464,51.93,74,100,8.7
384,Yulara,AU,2022-02-12 15:20:18,-25.2406,130.9889,75.04,33,2,5.75
385,Maldonado,UY,2022-02-12 15:16:58,-34.6667,-54.9167,67.39,94,100,13.29
386,Porto Novo,BJ,2022-02-12 15:20:18,6.4965,2.6036,89.29,52,100,12.41
387,Sinnamary,GF,2022-02-12 15:20:19,5.3833,-52.95,79.84,83,87,12.3
388,Verkhoyansk,RU,2022-02-12 15:20:19,67.5447,133.385,-33.32,98,81,1.63
389,Gualeguay,AR,2022-02-12 15:20:19,-33.1416,-59.3097,69.12,56,97,12.53
390,Yuanlin,CN,2022-02-12 15:20:20,30.4151,112.8859,41.05,88,96,4.7
391,Humaita,BR,2022-02-12 15:20:20,-7.5061,-63.0208,84.43,67,99,2.84
392,Laem Sing,TH,2022-02-12 15:20:21,12.4816,102.0738,84.15,100,8,4.76
393,Ocampo,MX,2022-02-12 15:20:21,21.65,-101.5,49.03,39,85,3.98
394,Leopold,AU,2022-02-12 15:20:21,-38.1833,144.4667,66.24,84,0,3.44
395,Kirakira,SB,2022-02-12 15:20:22,-10.4544,161.9205,77.74,88,100,4.74
396,Esso,RU,2022-02-12 15:20:22,55.9333,158.7,-9.26,100,85,3.87
397,Tezu,IN,2022-02-12 15:20:23,27.9167,96.1667,54.5,74,22,4.32
398,Mae Sai,TH,2022-02-12 15:20:23,20.4335,99.8762,67.44,49,78,2.93
399,Starkville,US,2022-02-12 15:16:56,33.4504,-88.8184,54.84,62,47,12.01
400,Carrickfergus,GB,2022-02-12 15:20:24,54.7158,-5.8058,49.96,86,100,10.36
401,Kedrovyy,RU,2022-02-12 15:20:25,56.1667,91.8167,-14.13,91,9,9.06
402,Grand Forks,US,2022-02-12 15:18:43,47.9417,-97.4337,-7.22,67,100,11.5
403,Puerto Colombia,CO,2022-02-12 15:20:25,10.9878,-74.9547,86.09,67,57,15.01
404,Constitucion,CL,2022-02-12 15:20:26,-35.3333,-72.4167,72.39,45,0,6.35
405,Tomatlan,MX,2022-02-12 15:20:26,19.9333,-105.25,72.14,50,49,3.18
406,Shimoda,JP,2022-02-12 15:20:26,34.6667,138.95,49.17,62,99,0.81
407,Rosarito,MX,2022-02-12 15:20:27,32.3333,-117.0333,68.31,33,1,6.89
408,Gondanglegi,ID,2022-02-12 15:20:27,-7.7479,112.0132,74.43,96,100,5.88
409,Sola,VU,2022-02-12 15:20:27,-13.8833,167.55,77.7,85,100,11.54
410,Altay,CN,2022-02-12 15:20:28,47.8667,88.1167,5.94,66,71,7.52
411,Jacareacanga,BR,2022-02-12 15:21:28,-6.2222,-57.7528,87.8,61,100,0.92
412,San Quintin,MX,2022-02-12 15:17:57,30.4833,-115.95,60.89,51,3,1.05
413,Escanaba,US,2022-02-12 15:21:08,45.7453,-87.0646,7.25,84,82,8.61
414,Opuwo,NA,2022-02-12 15:21:29,-18.0607,13.84,77.68,55,100,6.11
415,Namestovo,SK,2022-02-12 15:21:29,49.4079,19.4803,37.22,85,4,1.43
416,Seymchan,RU,2022-02-12 15:21:29,62.8833,152.4333,-42.65,100,66,0.65
417,Lovington,US,2022-02-12 15:21:30,32.944,-103.3485,31.05,92,97,5.01
418,Saint-Georges,GD,2022-02-12 15:21:30,12.0564,-61.7485,83.88,65,40,20.71
419,Waddan,LY,2022-02-12 15:21:30,29.1614,16.139,64.08,26,0,3.22
420,Tecoanapa,MX,2022-02-12 15:21:31,16.5167,-98.75,77.61,50,100,2.01
421,Bonavista,CA,2022-02-12 15:21:31,48.6499,-53.1147,35.11,76,92,14.74
422,Lodja,CD,2022-02-12 15:21:31,-3.4833,23.4333,88.27,51,86,3.38
423,Lanzhou,CN,2022-02-12 15:21:32,36.0564,103.7922,31.24,62,0,7.14
424,Katherine,AU,2022-02-12 15:21:32,-14.4667,132.2667,80.92,78,75,4.61
425,Abu Zabad,SD,2022-02-12 15:21:32,12.35,29.25,86.36,10,3,13.8
426,Kharakvasla,IN,2022-02-12 15:21:32,18.4333,73.7667,74.19,33,6,0.58
427,Long Beach,US,2022-02-12 15:19:15,33.767,-118.1892,74.79,31,0,6.2
428,Huangnihe,CN,2022-02-12 15:21:33,43.5583,128.0239,2.91,92,92,4.16
429,Phalaborwa,ZA,2022-02-12 15:21:33,-23.943,31.1411,88.88,22,0,13.29
430,Coquimbo,CL,2022-02-12 15:21:34,-29.9533,-71.3436,67.73,72,40,12.66
431,Cockburn Town,TC,2022-02-12 15:21:34,21.4612,-71.1419,77.67,75,2,22.28
432,Valparaiso,CL,2022-02-12 15:21:34,-33.0393,-71.6273,68.23,72,20,12.66
433,Zyryanka,RU,2022-02-12 15:21:35,65.75,150.85,-33.43,97,11,7.09
434,Bud,US,2022-02-12 15:21:35,39.447,-86.1758,26.62,85,100,10.67
435,Lukang,TW,2022-02-12 15:21:35,24.0567,120.4352,67.44,89,36,16.69
436,The Valley,AI,2022-02-12 15:21:36,18.217,-63.0578,78.66,78,75,19.57
437,Sidi Ali,DZ,2022-02-12 15:21:36,36.0998,0.4206,56.17,68,36,10.49
438,Rudnichnyy,RU,2022-02-12 15:21:36,59.617,52.4703,24.44,96,100,6.22
439,Brae,GB,2022-02-12 15:21:36,60.3964,-1.353,46.31,86,100,25.5
440,Grand-Santi,GF,2022-02-12 15:21:37,4.25,-54.3833,81.79,75,97,4.65
441,Shingu,JP,2022-02-12 15:21:37,33.7333,135.9833,40.91,68,0,5.7
442,Moorhead,US,2022-02-12 15:21:37,46.8739,-96.7676,-7.02,69,100,6.91
443,Rio Gallegos,AR,2022-02-12 15:19:16,-51.6226,-69.2181,66.25,26,40,37.98
444,Creel,MX,2022-02-12 15:21:38,27.75,-107.6333,40.87,34,0,4.29
445,Enshi,CN,2022-02-12 15:21:38,30.3,109.4833,39.78,95,44,1.41
446,Golden,US,2022-02-12 15:21:39,39.7555,-105.2211,27.0,75,40,5.75
447,Iqaluit,CA,2022-02-12 15:21:39,63.7506,-68.5145,-24.07,62,20,2.3
448,Bilibino,RU,2022-02-12 15:21:39,68.0546,166.4372,-37.43,100,91,1.45
449,Morozovsk,RU,2022-02-12 15:21:40,48.3539,41.8261,39.11,98,100,7.81
450,Puerto El Triunfo,SV,2022-02-12 15:21:40,13.2833,-88.55,84.36,53,0,3.62
451,Lazaro Cardenas,MX,2022-02-12 15:20:17,17.9583,-102.2,75.99,47,86,4.18
452,Wattegama,LK,2022-02-12 15:21:40,6.7989,81.4808,73.87,91,45,4.94
453,Onega,RU,2022-02-12 15:21:41,63.9061,38.1404,8.38,97,35,4.52
454,Henties Bay,NA,2022-02-12 15:21:41,-22.116,14.2845,74.97,77,8,9.4
455,Chake Chake,TZ,2022-02-12 15:21:41,-5.2459,39.7666,81.46,70,96,13.94
456,Summerville,US,2022-02-12 15:20:43,33.0185,-80.1757,62.91,52,0,10.36
457,Pingliang,CN,2022-02-12 15:21:42,35.5392,106.6861,22.98,91,64,5.28
458,Kieta,PG,2022-02-12 15:19:53,-6.2167,155.6333,78.21,77,80,2.24
459,Klaksvik,FO,2022-02-12 15:22:42,62.2266,-6.589,41.92,87,100,13.47
460,Kisiwani,TZ,2022-02-12 15:22:42,-4.1333,37.95,81.81,55,100,6.82
461,Rancho Palos Verdes,US,2022-02-12 15:18:12,33.7445,-118.387,70.43,31,0,7.74
462,Killin,US,2022-02-12 15:22:43,33.6123,-91.7412,48.29,61,100,6.91
463,Ostrogozhsk,RU,2022-02-12 15:22:43,50.8664,39.0756,22.44,96,82,4.68
464,Pskov,RU,2022-02-12 15:22:44,57.8136,28.3496,33.71,80,75,11.18
465,Rawson,AR,2022-02-12 15:20:51,-43.3002,-65.1023,76.75,22,92,3.94
466,Vao,NC,2022-02-12 15:19:08,-22.6667,167.4833,80.15,82,100,5.12
467,Nouadhibou,MR,2022-02-12 15:20:21,20.931,-17.0347,82.38,21,98,11.5
468,Bakaly,RU,2022-02-12 15:22:44,55.1789,53.8028,25.56,92,84,6.73
469,Crotone,IT,2022-02-12 15:22:45,39.0851,17.1178,55.35,82,75,9.22
470,Aurillac,FR,2022-02-12 15:22:45,44.9167,2.45,49.08,63,100,11.5
471,Port Hedland,AU,2022-02-12 15:19:11,-20.3167,118.5667,86.05,84,62,3.44
472,Burnie,AU,2022-02-12 15:22:45,-41.0667,145.9167,60.49,74,65,13.82
473,Aginskoye,RU,2022-02-12 15:22:46,51.1,114.53,-17.63,97,70,4.09
474,Pringsewu,ID,2022-02-12 15:22:46,-5.3582,104.9744,74.79,92,100,1.61
475,Dordrecht,NL,2022-02-12 15:22:46,51.81,4.6736,47.05,59,79,5.99
476,Kargil,IN,2022-02-12 15:20:14,34.5667,76.1,-11.6,79,89,3.94
477,Hami,CN,2022-02-12 15:22:47,42.8,93.45,28.96,56,83,1.45
478,Berlevag,NO,2022-02-12 15:22:47,70.8578,29.0864,25.11,78,93,16.06
479,Poum,NC,2022-02-12 15:22:47,-20.2333,164.0167,80.53,77,83,3.15
480,Palu,ID,2022-02-12 15:22:48,-0.8917,119.8707,74.86,97,100,0.72
481,Manakara,MG,2022-02-12 15:22:48,-22.1333,48.0167,78.42,75,53,7.7
482,Yugorsk,RU,2022-02-12 15:22:48,61.3133,63.3319,5.58,95,100,6.78
483,Harur,IN,2022-02-12 15:22:48,12.0667,78.5,74.46,61,29,7.05
484,Havre-Saint-Pierre,CA,2022-02-12 15:22:49,50.2334,-63.5986,34.16,93,100,12.66
485,Hovd,MN,2022-02-12 15:22:24,48.0056,91.6419,-15.39,86,25,4.59
486,Loreto,MX,2022-02-12 15:22:49,22.2667,-101.9667,52.95,34,0,1.1
487,Yumen,CN,2022-02-12 15:22:49,40.2833,97.2,26.31,41,100,11.36
488,Big Spring,US,2022-02-12 15:22:50,32.2504,-101.4787,40.48,47,75,18.41
489,Higueron,MX,2022-02-12 15:22:50,18.5833,-99.1667,72.88,31,100,1.14
490,Sirohi,IN,2022-02-12 15:22:51,24.8833,72.8667,63.45,24,0,3.85
491,Maniitsoq,GL,2022-02-12 15:22:51,65.4167,-52.9,14.92,91,100,18.99
492,Melhus,NO,2022-02-12 15:22:52,63.2855,10.2781,35.28,95,100,4.59
493,Pinerolo,IT,2022-02-12 15:22:53,44.8833,7.35,47.77,69,99,1.99
494,Boyuibe,BO,2022-02-12 15:22:53,-20.4167,-63.2833,66.11,98,100,11.41
495,Maskinonge,CA,2022-02-12 15:22:53,46.2286,-73.0192,37.81,92,100,21.85
496,Vila Do Maio,CV,2022-02-12 15:22:54,15.1333,-23.2167,83.19,71,82,18.84
497,Roald,NO,2022-02-12 15:22:54,62.5833,6.1333,43.72,75,75,10.36
498,Kheri,IN,2022-02-12 15:22:54,27.9,80.8,56.93,65,0,5.99
499,Senno,RU,2022-02-12 15:22:55,59.5336,33.9167,25.2,95,100,11.01
500,Geraldton,AU,2022-02-12 15:19:10,-28.7667,114.6,72.01,78,6,17.27
501,Mirnyy,RU,2022-02-12 15:22:55,62.5353,113.9611,-19.77,75,98,1.99
502,Sisimiut,GL,2022-02-12 15:21:31,66.9395,-53.6735,16.61,89,96,35.68
503,Kernersville,US,2022-02-12 15:22:56,36.1199,-80.0736,59.81,47,20,10.36
504,Moindou,NC,2022-02-12 15:22:56,-21.6924,165.677,75.15,86,64,1.88
505,Tocopilla,CL,2022-02-12 15:23:56,-22.092,-70.1979,73.63,64,4,7.96
506,Pundaguitan,PH,2022-02-12 15:23:57,6.3711,126.1689,81.23,77,100,16.75
507,Acajutla,SV,2022-02-12 15:23:57,13.5928,-89.8275,84.79,51,3,0.83
508,Praia,CV,2022-02-12 15:23:57,14.9215,-23.5087,82.94,47,89,26.46
509,Adavere,EE,2022-02-12 15:23:58,58.7086,25.8994,33.75,81,100,15.48
510,Paamiut,GL,2022-02-12 15:23:58,61.994,-49.6678,22.51,95,100,11.9
511,Tayoltita,MX,2022-02-12 15:23:58,24.0833,-105.9333,58.39,34,0,4.92
512,Yerbogachen,RU,2022-02-12 15:19:07,61.2767,108.0108,-11.06,100,99,1.1
513,Luba,GQ,2022-02-12 15:23:59,3.4568,8.5547,87.69,74,84,4.92
514,Moyale,KE,2022-02-12 15:23:59,3.5167,39.0584,87.42,14,40,10.2
515,Jamtara,IN,2022-02-12 15:23:59,23.95,86.8,64.69,37,1,7.47
516,Rurrenabaque,BO,2022-02-12 15:24:00,-14.4413,-67.5278,85.96,61,100,3.51
517,Lubango,AO,2022-02-12 15:24:00,-14.9172,13.4925,76.06,37,85,9.73
518,Kragero,NO,2022-02-12 15:24:00,58.8693,9.4149,42.58,97,100,22.32
519,Barreiras,BR,2022-02-12 15:24:01,-12.1528,-44.99,81.34,71,53,2.98
520,Jeremie,HT,2022-02-12 15:24:01,18.65,-74.1167,80.98,65,16,5.91
521,Talnakh,RU,2022-02-12 15:24:01,69.4865,88.3972,-9.17,79,55,10.09
522,Rafaela,AR,2022-02-12 15:24:02,-31.2503,-61.4867,69.01,50,76,7.0
523,Magugu,TZ,2022-02-12 15:24:02,-4.0167,35.7667,79.56,54,100,0.94
524,Bontang,ID,2022-02-12 15:24:02,0.1333,117.5,77.43,91,100,9.78
525,Jimo,CN,2022-02-12 15:24:03,36.3897,120.4622,35.38,100,100,4.47
526,Meulaboh,ID,2022-02-12 15:21:24,4.1363,96.1285,79.21,82,71,2.15
527,Mombetsu,JP,2022-02-12 15:24:03,44.3525,143.3525,15.85,94,53,5.44
528,Faanui,PF,2022-02-12 15:24:04,-16.4833,-151.75,79.74,76,71,13.49
529,Grimshaw,CA,2022-02-12 15:23:52,56.1834,-117.6027,22.01,92,75,9.22
530,Puerto Del Rosario,ES,2022-02-12 15:24:04,28.5004,-13.8627,69.55,68,20,12.66
531,Malanje,AO,2022-02-12 15:24:04,-9.5402,16.341,79.5,55,50,3.8
532,Lewisville,US,2022-02-12 15:22:15,33.0462,-96.9942,43.83,44,100,26.46
533,Eureka,US,2022-02-12 15:24:05,40.8021,-124.1637,47.59,56,0,3.71
534,Marblehead,US,2022-02-12 15:24:05,42.5001,-70.8578,56.52,56,20,16.11
535,Prince George,CA,2022-02-12 15:24:05,53.9166,-122.753,30.29,59,0,8.05
536,Padre Bernardo,BR,2022-02-12 15:24:06,-15.35,-48.5,79.39,67,80,3.06
537,Havelock,US,2022-02-12 15:24:06,34.8791,-76.9013,63.99,58,59,7.0
538,Tommot,RU,2022-02-12 15:24:06,58.9564,126.2925,-19.61,99,93,1.05
539,Ryotsu,JP,2022-02-12 15:24:07,38.0833,138.4333,39.78,69,100,8.5
540,Yining,CN,2022-02-12 15:24:07,29.0361,114.5636,42.6,96,100,1.32
541,Mechetinskaya,RU,2022-02-12 15:24:07,46.7713,40.456,44.22,96,100,13.42
542,Waingapu,ID,2022-02-12 15:24:08,-9.6567,120.2641,77.79,86,98,4.32
543,Oshakati,NA,2022-02-12 15:24:08,-17.7833,15.6833,84.02,45,100,5.32
544,Jardim,BR,2022-02-12 15:24:08,-21.4803,-56.1381,96.46,32,10,4.14
545,Huarmey,PE,2022-02-12 15:22:21,-10.0681,-78.1522,74.34,75,71,7.49
546,Igarka,RU,2022-02-12 15:23:25,67.4667,86.5833,-10.48,85,4,9.95
547,Afua,BR,2022-02-12 15:24:09,-0.1567,-50.3867,83.71,70,70,6.04
548,Jalu,LY,2022-02-12 15:24:09,29.0331,21.5482,63.73,29,0,1.86
549,Panjakent,TJ,2022-02-12 15:24:09,39.4952,67.6093,37.2,94,100,1.21
550,Grindavik,IS,2022-02-12 15:24:10,63.8424,-22.4338,26.55,74,0,12.66
551,Sovetskaya Gavan,RU,2022-02-12 15:24:10,48.9723,140.2878,19.22,96,100,3.51
552,Abeokuta,NG,2022-02-12 15:24:10,7.15,3.35,90.95,25,100,4.16
553,Moose Factory,CA,2022-02-12 15:23:50,51.2585,-80.6094,-20.2,69,0,10.36
554,Grootfontein,NA,2022-02-12 15:25:11,-19.5667,18.1167,79.65,45,99,6.64
555,Wamba,NG,2022-02-12 15:25:11,8.9333,8.6,98.65,7,61,6.17
556,Trinidad,BO,2022-02-12 15:25:12,-14.8333,-64.9,82.38,83,75,5.75
557,Santa Paz,PH,2022-02-12 15:25:12,10.2667,124.7833,76.48,88,72,5.01
558,Port Lincoln,AU,2022-02-12 15:24:56,-34.7333,135.8667,68.38,68,100,8.61
559,Baykit,RU,2022-02-12 15:25:12,61.67,96.37,-12.64,100,23,2.59
560,Gao,ML,2022-02-12 15:25:13,16.6362,1.637,89.15,6,0,7.65
561,Nosy Varika,MG,2022-02-12 15:25:13,-20.5833,48.5333,78.57,76,15,10.0
562,Kashiwazaki,JP,2022-02-12 15:25:14,37.3667,138.55,35.89,87,97,5.48
563,Panaba,MX,2022-02-12 15:25:14,21.2833,-88.2667,78.58,69,22,9.73
564,Healdsburg,US,2022-02-12 15:24:12,38.6105,-122.8692,59.54,100,40,0.0
565,Coahuayana,MX,2022-02-12 15:25:14,18.7333,-103.6833,72.88,40,69,5.14
566,San Cristobal,VE,2022-02-12 15:25:15,7.7669,-72.225,73.58,41,93,8.99
567,College,US,2022-02-12 15:25:15,64.8569,-147.8028,-5.03,82,75,4.61
568,Nova Varos,RS,2022-02-12 15:25:15,43.4606,19.8114,30.6,86,100,3.0
569,Nemuro,JP,2022-02-12 15:25:15,43.3236,145.575,22.33,77,39,4.29
570,Sur,OM,2022-02-12 15:25:16,22.5667,59.5289,71.98,58,1,7.52
571,Arlit,NE,2022-02-12 15:25:16,18.7369,7.3853,83.61,7,0,1.07
572,Lubbock,US,2022-02-12 15:24:03,33.6001,-101.8338,31.37,65,100,16.11
573,Dauphin,CA,2022-02-12 15:25:17,51.1494,-100.0502,-3.86,71,75,10.36
574,Areia Branca,BR,2022-02-12 15:25:17,-4.9561,-37.1369,89.8,59,56,12.88
